CSN,m
2000429706462,1
2000429763184,1
2000423655795,1
2000424935711,1
2000429765278,1
2000430060873,1
2000427368660,1
2000419499107,1
2000427998234,1
2000428279092,1
2000423372800,1
2000428278811,1
2000430052348,1
2000430039268,1
2000429701500,1
2000431000016,1
2000426932362,1
2000430322545,1
2000419791236,1
2000427165806,1
2000428847357,1
2000417713481,1
2000423934811,1
2000423655386,1
2000427032076,1
2000424935153,1
2000419575974,1
2000420489812,1
2000428255890,1
2000425879345,1
2000417755231,1
2000428057013,1
2000429389369,1
2000427997972,1
2000424675165,1
2000423582632,1
2000419872679,1
2000419651012,1
2000429376514,1
2000423934522,1
2000430948956,1
2000429673345,1
2000430957464,1
2000426702170,1
2000430074613,1
2000420370914,1
2000428255389,1
2000431589921,1
2000427368480,1
2000425853171,1
2000423292359,1
2000424678057,1
2000429530282,1
2000423582269,1
2000431610490,1
2000416199760,1
2000431604409,1
2000418474037,1
2000428056641,1
2000418562397,1
2000428450945,1
2000431628365,1
2000423928711,1
2000427039436,1
2000425600307,1
2000429037500,1
2000427032760,1
2000430358197,1
2000426883088,1
2000416616820,1
2000429568759,2
2000429054520,2
2000425119130,2
2000426962978,2
2000430042061,2
2000428663923,2
2000430956315,2
2000425127615,2
2000431634557,2
2000430980263,2
2000424726190,2
2000424853091,2
2000428278328,2
2000431675007,2
2000419067086,2
2000424726188,2
2000423774382,2
2000429906953,2
2000430036193,2
2000429993464,2
2000421004131,2
2000429306002,2
2000428277903,2
2000429136886,2
2000429869796,2
2000429568401,2
2000428277899,2
2000430040841,2
2000421586172,2
2000429906609,2
2000431606996,2
2000423705244,2
2000431833137,2
2000430956009,2
2000427269257,2
2000426995895,2
2000420676268,2
2000423767058,2
2000431623113,2
2000426161574,2
2000422153641,2
2000425511403,2
2000415923779,2
2000431856915,2
2000428579242,2
2000431885339,2
2000427202366,2
2000428043142,2
2000430998893,2
2000419875423,2
2000430989875,2
2000421047218,2
2000429146408,2
2000427512016,2
2000421908217,2
2000417686990,2
2000421029731,2
2000423778909,2
2000426725906,2
2000425212281,2
2000423616328,2
2000423848976,2
2000425511137,2
2000430963189,2
2000423700695,2
2000425849291,2
2000426394065,2
2000427404967,2
2000428834287,2
2000420983252,2
2000425612388,2
2000431883097,2
2000428042233,2
2000429586395,2
2000423431862,2
2000420931284,2
2000424931050,2
2000428701092,2
2000424917732,2
2000423317066,2
2000425422307,2
2000421036095,2
2000427273598,2
2000425956381,2
2000427127454,2
2000424381146,2
2000427419215,2
2000423537133,2
2000423764736,2
2000420297308,2
2000432008401,2
2000426156237,3
2000427130595,3
2000428416868,3
2000428930447,3
2000427034933,3
2000423018351,3
2000419953358,3
2000426226122,3
2000429608895,3
2000430039285,3
2000428792941,3
2000429594879,3
2000424023561,3
2000431887159,3
2000426395822,3
2000430040263,3
2000421861474,3
2000427958769,3
2000427444594,3
2000424262474,3
2000419649840,3
2000426355977,3
2000429146414,3
2000428885483,3
2000428576590,3
2000427132889,3
2000427147335,3
2000428378224,3
2000429043342,3
2000428499690,3
2000426105054,3
2000428393117,3
2000430040270,3
2000424949202,3
2000428906459,3
2000429594487,3
2000425402280,3
2000425402955,3
2000428931851,3
2000417093816,3
2000431521185,3
2000416021692,3
2000427130471,3
2000428872449,3
2000417387602,3
2000416113350,3
2000427361924,3
2000415940839,3
2000423776100,3
2000420375678,3
2000417461658,3
2000428936626,3
2000426726828,3
2000426355981,3
2000427401052,3
2000424012599,3
2000419649549,3
2000431865294,3
2000417764746,3
2000427458416,3
2000425359529,3
2000424206736,3
2000424738292,3
2000427791018,3
2000426136043,3
2000423017568,3
2000427677932,3
2000428450368,3
2000427362702,3
2000430037271,3
2000428763068,3
2000425509123,3
2000423679645,3
2000426226265,3
2000416795651,3
2000427557229,3
2000426155855,3
2000427042710,3
2000427034464,3
2000417081280,3
2000420950106,3
2000419954083,3
2000426679527,3
2000419974171,3
2000423816914,3
2000430499113,3
2000432253027,3
2000432245497,3
2000422642959,3
2000427803824,3
2000419149921,3
2000427448682,3
2000419754948,3
2000416427520,3
2000431957614,3
2000428274928,3
2000421131165,4
2000420211452,4
2000427775616,4
2000429121584,4
2000430998648,4
2000417078199,4
2000431072205,4
2000428266240,4
2000426395975,4
2000429243798,4
2000423540386,4
2000423883939,4
2000429536186,4
2000429610638,4
2000424016685,4
2000429263202,4
2000429059577,4
2000426931800,4
2000428847488,4
2000427637698,4
2000426420756,4
2000425163921,4
2000425428336,4
2000424238120,4
2000421391148,4
2000424125424,4
2000430983028,4
2000426693842,4
2000422757986,4
2000430707031,4
2000429373562,4
2000432182501,4
2000421413637,4
2000430835228,4
2000420211349,4
2000426583947,4
2000432261853,4
2000416228886,4
2000429680330,4
2000431914502,4
2000417077605,4
2000427948582,4
2000419855899,4
2000424234876,4
2000424677282,4
2000421684194,4
2000421131199,4
2000428050909,4
2000429241803,4
2000421274412,4
2000431085151,4
2000426905127,4
2000432118324,4
2000423633312,4
2000423722405,4
2000423540070,4
2000424703056,4
2000431930019,4
2000430332902,4
2000427921263,4
2000429262731,4
2000429279846,4
2000427556251,4
2000424036114,4
2000424694319,4
2000426955500,4
2000425924300,4
2000426434286,4
2000431982895,4
2000427674132,4
2000425873896,4
2000432172128,4
2000426238825,4
2000425798217,4
2000427290027,4
2000417089107,4
2000420461756,4
2000432271481,4
2000427902064,4
2000418409104,4
2000428068464,4
2000419855527,4
2000429190255,4
2000432548087,4
2000432298912,4
2000424436574,4
2000424274620,4
2000430282720,4
2000426606430,5
2000424339715,5
2000427576941,5
2000429611358,5
2000427573558,5
2000425488548,5
2000421258898,5
2000430348396,5
2000428278801,5
2000430413619,5
2000425319005,5
2000424016832,5
2000428276282,5
2000428367638,5
2000432441245,5
2000427158522,5
2000417903185,5
2000419047292,5
2000429339936,5
2000428908814,5
2000427794098,5
2000429667480,5
2000431535342,5
2000427572817,5
2000424150267,5
2000424558783,5
2000430619473,5
2000431532101,5
2000426559431,5
2000432447565,5
2000431591553,5
2000419047047,5
2000426605932,5
2000426093811,5
2000424336474,5
2000424939837,5
2000429666580,5
2000431000908,5
2000430979413,5
2000420403132,5
2000421262996,5
2000428897411,5
2000432152124,5
2000425857056,5
2000431076280,5
2000428275560,5
2000432714841,5
2000421391306,5
2000427737790,5
2000430821421,5
2000420915357,5
2000428390972,5
2000431540773,5
2000427262852,5
2000427579207,5
2000427180066,5
2000419885622,5
2000425015752,5
2000422717888,5
2000420312476,5
2000427500238,5
2000429339558,5
2000431019932,5
2000424289735,5
2000426477476,5
2000430777484,5
2000431075333,5
2000431114865,5
2000423308723,5
2000427737327,5
2000426663923,5
2000428467294,5
2000429536294,5
2000428366837,5
2000429685239,5
2000432814179,5
2000432301528,5
2000427050716,5
2000429724652,5
2000429766199,6
2000428350218,6
2000431837361,6
2000420735411,6
2000432656804,6
2000429560431,6
2000429766700,6
2000421603234,6
2000427524583,6
2000425172024,6
2000421805911,6
2000427049835,6
2000432098070,6
2000427253393,6
2000420116024,6
2000431985375,6
2000429870953,6
2000419808728,6
2000426970542,6
2000429560809,6
2000417069760,6
2000429315129,6
2000431995195,6
2000431836084,6
2000427455740,6
2000417069759,6
2000427166056,6
2000428304593,6
2000428590059,6
2000432651688,6
2000426974010,6
2000429665051,6
2000432222090,6
2000424727511,6
2000419213220,6
2000431000111,6
2000425171812,6
2000430654928,6
2000425963108,6
2000424677287,6
2000432800876,6
2000431616515,6
2000432017539,6
2000428499739,6
2000420052971,6
2000433158971,6
2000425206151,6
2000432097422,6
2000427048783,6
2000419808137,6
2000433163307,6
2000420115956,6
2000432817099,6
2000420734476,6
2000422462612,6
2000417069886,6
2000426873370,6
2000430407295,6
2000422047454,6
2000421602481,6
2000421838474,6
2000426622577,6
2000433203435,6
2000427455355,6
2000433196387,6
2000425549013,6
2000424725972,6
2000432782360,6
2000428610947,6
2000426871502,6
2000431493724,6
2000428589572,6
2000421805763,6
2000426970707,6
2000428272807,6
2000424126222,6
2000428370144,6
2000433141600,6
2000426974151,6
2000420015171,6
2000424415691,6
2000430489766,6
2000428311183,6
2000430309156,6
2000431009986,6
2000427041960,6
2000428482314,6
2000423849611,6
2000417101090,6
2000433128476,6
2000428320128,6
2000433310985,6
2000427283527,6
2000428029389,6
2000420315121,6
2000430673525,6
2000427935984,7
2000428879750,7
2000420876007,7
2000420218388,7
2000422460243,7
2000428291904,7
2000433395779,7
2000428280464,7
2000429908968,7
2000429987877,7
2000432242042,7
2000431629113,7
2000424126416,7
2000428350529,7
2000429908570,7
2000428680577,7
2000427035676,7
2000428228637,7
2000418392891,7
2000426402390,7
2000420021910,7
2000427394230,7
2000428234114,7
2000430042853,7
2000431965265,7
2000431956021,7
2000426580379,7
2000429397191,7
2000428823035,7
2000417861623,7
2000431540338,7
2000428867847,7
2000429347396,7
2000431799563,7
2000424930519,7
2000430679956,7
2000420929296,7
2000423457876,7
2000430042440,7
2000420109632,7
2000421856637,7
2000428239652,7
2000431663716,7
2000424703370,7
2000421929522,7
2000420216786,7
2000431108590,7
2000420084849,7
2000424790969,7
2000424162299,7
2000418374621,7
2000433521225,7
2000427508088,7
2000433548660,7
2000422229922,7
2000433548930,7
2000433545405,7
2000428652316,7
2000427221057,7
2000428514330,7
2000432797176,7
2000420736267,7
2000429366587,7
2000427191594,7
2000424285755,7
2000421856733,7
2000430680958,7
2000421562474,7
2000431110504,7
2000430639055,7
2000427058342,7
2000422713030,7
2000432456129,7
2000418458406,7
2000421000270,7
2000428257581,7
2000425107406,7
2000424125800,7
2000431974916,7
2000428688567,7
2000426948326,7
2000429366073,7
2000418724716,7
2000426112720,8
2000422432450,8
2000428473401,8
2000429590523,8
2000429178980,8
2000432242987,8
2000427520763,8
2000428653231,8
2000429572016,8
2000427520970,8
2000431629504,8
2000429937750,8
2000428777492,8
2000431757076,8
2000427677549,8
2000433118641,8
2000424126420,8
2000428350534,8
2000427059308,8
2000433645398,8
2000428680979,8
2000431534362,8
2000433606942,8
2000424938729,8
2000423765577,8
2000427221868,8
2000433429843,8
2000428808080,8
2000426112237,8
2000424949212,8
2000417846579,8
2000432788194,8
2000433788971,8
2000429683835,8
2000428278214,8
2000429238772,8
2000431533149,8
2000424263153,8
2000429350829,8
2000427404088,8
2000428651925,8
2000425589725,8
2000429234450,8
2000428884886,8
2000427520123,8
2000421273517,8
2000429106870,8
2000431756899,8
2000428801341,8
2000433645011,8
2000433852805,8
2000430045271,8
2000433152831,8
2000430411515,8
2000431822132,8
2000425864919,8
2000425182735,8
2000424277475,8
2000421149535,8
2000425059647,8
2000418889173,8
2000419968775,8
2000429314885,8
2000425212873,8
2000433858218,8
2000425199314,8
2000426079502,8
2000420715406,8
2000422699241,8
2000428818757,8
2000429238966,8
2000433247025,8
2000424937984,8
2000422430205,8
2000433605452,8
2000426001357,8
2000433115444,8
2000429588919,8
2000428364402,8
2000429040374,8
2000417853094,8
2000426983368,8
2000427298585,8
2000425221161,8
2000425182444,8
2000425382736,8
2000419975851,8
2000420736500,8
2000427016716,8
2000433927259,8
2000429344750,8
2000425179092,8
2000427909118,8
2000427429348,8
2000428250310,8
2000427223765,8
2000420080358,8
2000426156324,8
2000425865176,8
2000424270447,8
2000432689650,9
2000429590720,9
2000431485190,9
2000417861364,9
2000432131402,9
2000433817011,9
2000428334742,9
2000422758611,9
2000428586299,9
2000432101293,9
2000433480511,9
2000427059516,9
2000431629769,9
2000433965521,9
2000424126421,9
2000425434490,9
2000431865788,9
2000428269767,9
2000428681372,9
2000425428920,9
2000429054386,9
2000433540601,9
2000430984378,9
2000425059052,9
2000433801697,9
2000428807433,9
2000429060268,9
2000427222113,9
2000429366435,9
2000429967129,9
2000433246580,9
2000432540025,9
2000432530520,9
2000429129757,9
2000425403550,9
2000433891817,9
2000430282837,9
2000417907415,9
2000428333820,9
2000431919016,9
2000431026343,9
2000431115895,9
2000425801653,9
2000425637566,9
2000425434287,9
2000433881042,9
2000428345991,9
2000432723903,9
2000423604492,9
2000428026857,9
2000432206972,9
2000432214102,9
2000430085232,9
2000425038345,9
2000425426428,9
2000432214104,9
2000424920481,9
2000432820732,9
2000422718209,9
2000432809723,9
2000425090221,9
2000419967928,9
2000432243432,9
2000427732225,9
2000422171756,9
2000427195169,9
2000425855318,9
2000425351221,9
2000417671868,9
2000429323646,9
2000421490314,9
2000432519715,9
2000426364272,9
2000429937621,9
2000427644452,9
2000429067650,9
2000426682385,9
2000420736686,9
2000425221491,9
2000432476348,9
2000429082968,9
2000432477102,9
2000425364724,9
2000431080570,9
2000420489019,9
2000432511663,9
2000425799049,9
2000425644513,9
2000429162568,9
2000429372008,9
2000422766695,9
2000425350918,9
2000428894651,9
2000426165061,9
2000429590426,9
2000433610133,9
2000428796990,9
2000433194976,9
2000434199068,9
2000425373948,9
2000430713764,9
2000434204577,9
2000428774180,9
2000429626800,9
2000433505505,9
2000434182143,9
2000417084405,9
2000429258407,10
2000429118672,10
2000431542876,10
2000429534719,10
2000433796768,10
2000429118676,10
2000433635003,10
2000417069728,10
2000427213407,10
2000434269488,10
2000432788996,10
2000429934362,10
2000433151284,10
2000422172005,10
2000433966101,10
2000434206645,10
2000424126423,10
2000421461320,10
2000427060400,10
2000429030987,10
2000433277206,10
2000434086815,10
2000432522911,10
2000433531186,10
2000433264620,10
2000421568324,10
2000427981609,10
2000431542458,10
2000429258210,10
2000429944589,10
2000429039413,10
2000433796400,10
2000425526098,10
2000428072691,10
2000426616795,10
2000433897943,10
2000433809770,10
2000421621407,10
2000431529471,10
2000430630973,10
2000424933369,10
2000433328218,10
2000428051817,10
2000433248755,10
2000432718910,10
2000434306704,10
2000429260998,10
2000434339369,10
2000428997166,10
2000428914119,10
2000430310400,10
2000434316912,10
2000418557543,10
2000419240963,10
2000429236665,10
2000417672897,10
2000423044109,10
2000421577541,10
2000433634610,10
2000434346384,10
2000429331847,10
2000432005095,10
2000421460460,10
2000417855708,10
2000433553714,10
2000427986655,10
2000429251370,10
2000433798312,10
2000428384967,10
2000423806321,10
2000432389814,10
2000433273673,10
2000426891433,10
2000426958854,10
2000430309983,10
2000434356685,10
2000430820309,10
2000425525622,10
2000421567976,10
2000427516031,10
2000432796914,10
2000432764184,10
2000434376329,10
2000426477902,10
2000433872559,10
2000431115262,10
2000425609495,10
2000432682777,10
2000432186790,10
2000430783689,10
2000433797893,10
2000418486493,10
2000424558955,10
2000425188909,10
2000429399004,10
2000427051637,10
2000425640662,10
2000427958503,10
2000425565968,10
2000434130120,10
2000432712404,10
2000429732889,10
2000433663373,11
2000428277992,11
2000434370833,11
2000433475710,11
2000433532639,11
2000430107976,11
2000431115722,11
2000434371231,11
2000429030566,11
2000434064311,11
2000429665320,11
2000430975395,11
2000428274210,11
2000418328116,11
2000433663288,11
2000428824153,11
2000424724832,11
2000433259135,11
2000434578202,11
2000432780799,11
2000422148631,11
2000434592359,11
2000428057830,11
2000427166279,11
2000427918411,11
2000420801272,11
2000429127704,11
2000434613115,11
2000429966547,11
2000433257737,11
2000428460975,11
2000431109769,11
2000432494822,11
2000434287636,11
2000423688655,11
2000425442141,11
2000418327947,11
2000434653222,11
2000425324581,11
2000424724600,11
2000428322147,11
2000428274645,11
2000430418870,11
2000434658058,11
2000430971881,11
2000429530682,11
2000433603721,11
2000428354745,11
2000433922931,11
2000431854539,11
2000431604859,11
2000431827719,11
2000433396342,11
2000429146199,11
2000431510877,11
2000424680607,11
2000421948852,11
2000433906943,11
2000434170037,11
2000433885836,11
2000425552568,11
2000418375753,11
2000423688442,11
2000427684282,11
2000425425219,11
2000434438858,11
2000434439133,11
2000434384405,11
2000433966545,11
2000424158217,11
2000429544536,11
2000434438861,11
2000428872711,11
2000425854119,11
2000432794220,11
2000428285823,11
2000434722060,11
2000433787321,11
2000431828427,11
2000430491180,12
2000431060594,12
2000427996219,12
2000422107109,12
2000434707608,12
2000428461517,12
2000431554993,12
2000434758538,12
2000433560249,12
2000424854887,12
2000429029997,12
2000418435106,12
2000433904502,12
2000433279387,12
2000430079588,12
2000428280856,12
2000433603122,12
2000427035906,12
2000433428838,12
2000428392547,12
2000434086346,12
2000427784843,12
2000431060232,12
2000431504817,12
2000428042151,12
2000429136893,12
2000420983489,12
2000429635430,12
2000428064662,12
2000425956608,12
2000431599570,12
2000434852970,12
2000434045928,12
2000427525771,12
2000434121871,12
2000429570794,12
2000434334166,12
2000430956990,12
2000427533729,12
2000423765588,12
2000423016631,12
2000428281479,12
2000433319157,12
2000429574038,12
2000423573467,12
2000420213126,12
2000426152287,12
2000425540602,12
2000434179748,12
2000420105887,12
2000418694713,12
2000429664703,12
2000429940818,12
2000418409816,12
2000428274857,12
2000430956619,12
2000431075960,12
2000418599832,12
2000433910635,12
2000423739521,12
2000434396663,12
2000424810975,12
2000427515424,12
2000426151996,12
2000430360758,12
2000420323625,12
2000434630981,12
2000427368726,12
2000418639268,12
2000425540344,12
2000428392676,12
2000428681712,12
2000422584710,12
2000429533822,12
2000429675044,12
2000420212572,12
2000424735798,12
2000426906322,12
2000422138069,12
2000428501462,12
2000425980323,12
2000424918806,12
2000434745961,12
2000434952250,12
2000429040381,12
2000434440329,12
2000434398456,12
2000425826170,12
2000433616043,12
2000428881519,12
2000422229926,12
2000433293710,13
2000423873105,13
2000429974801,13
2000433782038,13
2000433763452,13
2000429570404,13
2000428041739,13
2000431945448,13
2000428461739,13
2000428808284,13
2000424949610,13
2000426356513,13
2000423793084,13
2000434086872,13
2000427131047,13
2000426156587,13
2000432456951,13
2000433603486,13
2000432279905,13
2000434087825,13
2000432525851,13
2000429029688,13
2000430387171,13
2000433546629,13
2000432291749,13
2000424096150,13
2000426156389,13
2000435111795,13
2000434599204,13
2000427130754,13
2000424390463,13
2000434363937,13
2000432405073,13
2000418342899,13
2000433440968,13
2000435129550,13
2000428576264,13
2000424241784,13
2000427404648,13
2000430438543,13
2000420248863,13
2000428866196,13
2000431059209,13
2000424939479,13
2000434973617,13
2000434861897,13
2000433550174,13
2000418336896,13
2000426872887,13
2000426416613,13
2000434851281,13
2000432103270,13
2000429978452,13
2000433855515,13
2000429247456,13
2000418348698,13
2000421038044,13
2000426356511,13
2000434179751,13
2000435052651,13
2000435227677,13
2000424939102,13
2000428763594,13
2000428865461,13
2000432708082,13
2000432708083,13
2000429622116,13
2000429863528,13
2000426240597,13
2000429053673,13
2000429972809,13
2000429042688,13
2000430824625,13
2000429062599,13
2000418336507,13
2000428767537,13
2000430056425,13
2000418819351,13
2000423653661,13
2000430970054,13
2000426416031,13
2000425275265,13
2000427250909,13
2000435257433,13
2000427299488,13
2000422854476,13
2000432160084,13
2000432777616,13
2000435280601,13
2000430337541,13
2000435050871,13
2000434764728,13
2000428027955,13
2000423693914,13
2000420662688,13
2000435298800,13
2000434842238,14
2000431059505,14
2000434157000,14
2000435044731,14
2000434599398,14
2000434642789,14
2000432143211,14
2000434567783,14
2000433293711,14
2000419065640,14
2000429978860,14
2000434044470,14
2000429029309,14
2000428461935,14
2000432456188,14
2000429106629,14
2000431619185,14
2000434087548,14
2000429140043,14
2000430046313,14
2000433279766,14
2000435260896,14
2000426570641,14
2000423663304,14
2000434293427,14
2000431838073,14
2000429668485,14
2000432779642,14
2000432407796,14
2000434320926,14
2000425167170,14
2000430695857,14
2000427731316,14
2000430282890,14
2000432545760,14
2000430343775,14
2000431871945,14
2000420490112,14
2000424019310,14
2000431999016,14
2000434672796,14
2000435123932,14
2000429280311,14
2000435392673,14
2000420414082,14
2000435027666,14
2000432143638,14
2000434444612,14
2000424246452,14
2000426423827,14
2000419065886,14
2000434686082,14
2000426414793,14
2000435109119,14
2000425993966,14
2000429590120,14
2000434438600,14
2000427438396,14
2000434834098,14
2000423662822,14
2000434965226,14
2000430787914,14
2000419140478,14
2000429134572,14
2000420242571,14
2000435435780,14
2000429373281,14
2000432531280,14
2000433562423,14
2000421589447,14
2000424156673,14
2000434179752,14
2000418335365,14
2000429667528,14
2000435297713,14
2000426426586,14
2000430931175,14
2000425196538,14
2000424037989,14
2000419517262,14
2000434995428,14
2000419096242,14
2000435478501,14
2000433841541,14
2000433565003,14
2000428763351,14
2000431050846,14
2000426104194,14
2000426414285,14
2000429941568,14
2000431624211,14
2000431547381,14
2000426091727,14
2000425195423,14
2000429130835,14
2000435478136,14
2000435504481,14
2000433616205,14
2000432658656,14
2000429142340,14
2000420250903,14
2000428822625,14
2000430698365,14
2000433754683,14
2000434911672,14
2000429340503,15
2000432378696,15
2000425038814,15
2000421048427,15
2000435357290,15
2000429256491,15
2000429255538,15
2000433773751,15
2000433293713,15
2000434599540,15
2000421589645,15
2000429340181,15
2000433625163,15
2000430942572,15
2000434673111,15
2000434118437,15
2000435502815,15
2000433466886,15
2000434807302,15
2000429590125,15
2000434641378,15
2000432440392,15
2000433553893,15
2000435027870,15
2000434574614,15
2000430046759,15
2000425610921,15
2000433328988,15
2000425038492,15
2000422139354,15
2000431001400,15
2000433214122,15
2000431471858,15
2000425575931,15
2000427197821,15
2000426225346,15
2000426481623,15
2000426646543,15
2000434168614,15
2000424946409,15
2000430638383,15
2000424247085,15
2000426642459,15
2000430739387,15
2000432812748,15
2000426989727,15
2000434686440,15
2000432670523,15
2000431921248,15
2000422712820,15
2000435434813,15
2000435481020,15
2000433531679,15
2000431053198,15
2000426328379,15
2000435514990,15
2000427052225,15
2000432378965,15
2000435240418,15
2000427210869,15
2000434802077,15
2000425890359,15
2000427995327,15
2000428064827,15
2000426641682,15
2000435688316,15
2000435354205,15
2000428505208,15
2000432440097,15
2000431051039,15
2000435409221,15
2000431457707,15
2000434861957,15
2000429255045,15
2000432431083,15
2000434279698,15
2000431922681,15
2000431931758,15
2000426602709,15
2000427014709,15
2000426952299,15
2000429257172,15
2000429382048,15
2000435386420,15
2000434596838,15
2000434831371,15
2000435648587,15
2000429936399,16
2000434986674,16
2000427036375,16
2000430064026,16
2000435238608,16
2000434854206,16
2000435243658,16
2000433260065,16
2000434082671,16
2000430110244,16
2000435534758,16
2000422175361,16
2000433866075,16
2000424723649,16
2000434088239,16
2000427036108,16
2000430091703,16
2000434392216,16
2000434876243,16
2000431757087,16
2000435261480,16
2000427642003,16
2000431877483,16
2000431601226,16
2000433565423,16
2000433612975,16
2000435292528,16
2000435372785,16
2000434605318,16
2000433235113,16
2000429934148,16
2000423439090,16
2000431759766,16
2000423656555,16
2000429953194,16
2000426996880,16
2000420491116,16
2000435034558,16
2000434412038,16
2000431913266,16
2000436347489,16
2000429907053,16
2000426873662,16
2000425128983,16
2000431011307,16
2000433311647,16
2000435231406,16
2000426975501,16
2000431874895,16
2000425891742,16
2000427033415,16
2000431643746,16
2000427659515,16
2000427800107,16
2000428235006,16
2000424723923,16
2000427193200,16
2000433314754,16
2000428511168,16
2000430063117,16
2000433612070,16
2000435272742,16
2000430391431,16
2000424686173,16
2000427641032,16
2000432568583,16
2000427167123,16
2000434432478,16
2000434163795,16
2000431600709,16
2000429868900,16
2000425854905,16
2000431997773,16
2000436394777,16
2000430399910,16
2000435119472,16
2000419632132,16
2000419499710,16
2000424725218,16
2000430458087,16
2000428920454,16
2000435357490,16
2000430044270,16
2000434725465,16
2000429263791,16
2000424686616,16
2000427659411,16
2000427680687,16
2000434672020,16
2000431959836,16
2000434751178,16
2000431963807,16
2000435229927,16
2000435012667,16
2000433863007,16
2000430423386,16
2000436333821,16
2000433281539,16
2000429572249,17
2000428462513,17
2000435129950,17
2000434854624,17
2000429368824,17
2000428530080,17
2000435781585,17
2000434704822,17
2000434849638,17
2000424854649,17
2000430059821,17
2000434046173,17
2000435238978,17
2000431011627,17
2000422267856,17
2000424948500,17
2000435735848,17
2000433790005,17
2000429571204,17
2000434650292,17
2000421879196,17
2000434657399,17
2000419896187,17
2000432784946,17
2000429634569,17
2000431902765,17
2000431990691,17
2000434746740,17
2000421003055,17
2000431990971,17
2000435196911,17
2000423767116,17
2000433563906,17
2000435745745,17
2000436647349,17
2000422266528,17
2000421878884,17
2000421047219,17
2000428043563,17
2000419726393,17
2000425406723,17
2000428461961,17
2000421930096,17
2000427257119,17
2000429971655,17
2000427458577,17
2000434178645,17
2000427487096,17
2000431931789,17
2000428527815,17
2000430091741,17
2000432199368,17
2000420083980,17
2000432551950,17
2000430069633,17
2000432722407,17
2000430491858,17
2000428042790,17
2000428279706,17
2000431611544,17
2000436587636,17
2000432157178,17
2000428682161,17
2000429367274,17
2000434683563,17
2000423443834,17
2000431871925,17
2000434610774,17
2000427385786,17
2000436738715,17
2000424909862,17
2000431760064,17
2000425865917,17
2000427701567,17
2000429860223,17
2000424929497,17
2000425138585,17
2000435530410,17
2000422229928,17
2000425201976,17
2000426684893,18
2000433570371,18
2000430931737,18
2000433803635,18
2000434190352,18
2000434974591,18
2000426116635,18
2000435113085,18
2000425420930,18
2000423808875,18
2000433939673,18
2000420920139,18
2000435736408,18
2000436410845,18
2000430091770,18
2000435340283,18
2000433763675,18
2000429972224,18
2000433254024,18
2000431525285,18
2000423765747,18
2000434854937,18
2000431760275,18
2000431011925,18
2000430973076,18
2000424949937,18
2000423654188,18
2000427591825,18
2000434657709,18
2000434190086,18
2000431931961,18
2000433566659,18
2000430280504,18
2000435408738,18
2000432405355,18
2000426115745,18
2000431487155,18
2000426684330,18
2000433804948,18
2000425110572,18
2000420050510,18
2000420281200,18
2000434161959,18
2000432543182,18
2000430474152,18
2000433201475,18
2000430436957,18
2000424042543,18
2000424206889,18
2000427584389,18
2000420376686,18
2000429943754,18
2000435167220,18
2000424275200,18
2000436405946,18
2000427700861,18
2000424953685,18
2000430941925,18
2000435233484,18
2000422701762,18
2000434414914,18
2000434161713,18
2000431528763,18
2000427782420,18
2000436415410,18
2000432178584,18
2000425174946,18
2000419954523,18
2000428594385,18
2000436402390,18
2000426191374,18
2000419975690,18
2000436468917,18
2000436345014,18
2000436966437,18
2000426224271,18
2000427687890,18
2000424810930,18
2000420244216,18
2000435351335,18
2000426448023,18
2000436466018,18
2000434298895,19
2000425318057,19
2000435103605,19
2000430983647,19
2000425295455,19
2000435737617,19
2000432118560,19
2000433916124,19
2000430091771,19
2000436976580,19
2000427733292,19
2000434059080,19
2000425298515,19
2000434647433,19
2000430102042,19
2000434855452,19
2000434088996,19
2000429063173,19
2000435226081,19
2000432408025,19
2000431563249,19
2000427943535,19
2000437200144,19
2000434657995,19
2000425167648,19
2000434198222,19
2000437192302,19
2000436949358,19
2000434428870,19
2000430931434,19
2000432670880,19
2000435509806,19
2000425318058,19
2000433271685,19
2000429359670,19
2000430966137,19
2000435511352,19
2000437168278,19
2000432513382,19
2000423784305,19
2000435109414,19
2000435368639,19
2000437189061,19
2000434171853,19
2000434568769,19
2000431078401,19
2000429261000,19
2000432374354,19
2000437209710,19
2000435657497,19
2000420229913,19
2000427730767,19
2000437239976,19
2000427362060,19
2000430484131,19
2000428307992,19
2000428051139,19
2000430810696,19
2000434171406,19
2000425196817,19
2000432492137,19
2000429538359,19
2000435549569,19
2000431078660,19
2000432676978,19
2000430283905,19
2000437307502,19
2000426619567,19
2000435208046,19
2000433563491,19
2000434104441,19
2000426423492,19
2000436441560,19
2000430927576,19
2000420460458,19
2000427634976,19
2000427202093,19
2000433505995,19
2000434210190,19
2000427677886,19
2000427939977,19
2000434880245,19
2000434925743,19
2000437004497,19
2000431554037,19
2000431081900,20
2000425039167,20
2000432515687,20
2000420374345,20
2000431658881,20
2000434597178,20
2000437208199,20
2000433554325,20
2000431892182,20
2000434855825,20
2000434908271,20
2000425038977,20
2000436654787,20
2000437247585,20
2000424436695,20
2000428390975,20
2000425517045,20
2000434177911,20
2000437427190,20
2000433291158,20
2000431081430,20
2000433329198,20
2000437436796,20
2000430722200,20
2000435510018,20
2000437247287,20
2000434658265,20
2000427965587,20
2000420401737,20
2000434411169,20
2000435212554,20
2000424150414,20
2000436772549,20
2000432448605,20
2000432747853,20
2000420979499,20
2000420394498,20
2000436349969,20
2000431659159,20
2000427181149,20
2000437489591,20
2000436552547,20
2000425168320,20
2000425537280,20
2000420500258,20
2000428039886,20
2000429965856,20
2000433460794,20
2000437489291,20
2000427690691,20
2000420312662,20
2000425592951,20
2000428339252,20
2000433485392,20
2000434647985,20
2000437069553,20
2000430717099,20
2000437021155,20
2000434410924,20
2000427648548,20
2000423433294,20
2000431924178,20
2000432431385,20
2000425617122,20
2000427260654,20
2000437308044,20
2000434807482,20
2000420497804,20
2000437452386,20
2000427053185,20
2000429538642,20
2000428202332,20
2000428390538,20
2000437569204,20
2000433484830,20
2000432712862,20
2000434861124,20
2000436472658,20
2000433558191,21
2000428777544,21
2000436553994,21
2000435535600,21
2000437050590,21
2000430966622,21
2000428353367,21
2000434377087,21
2000436857901,21
2000434988660,21
2000430949954,21
2000431490894,21
2000428284334,21
2000432007071,21
2000436322159,21
2000437049894,21
2000434651416,21
2000437521830,21
2000436374484,21
2000437973566,21
2000420709341,21
2000423380007,21
2000437428452,21
2000431476786,21
2000433870984,21
2000423379004,21
2000434725932,21
2000431755351,21
2000433818048,21
2000431476855,21
2000433287963,21
2000431844415,21
2000436685278,21
2000435119700,21
2000438075327,21
2000438078578,21
2000435276366,21
2000420652574,21
2000437573057,21
2000421191580,22
2000435184297,22
2000437181629,22
2000436614521,22
2000435098083,22
2000433297578,22
2000433522458,22
2000435034302,22
2000434705268,22
2000432786370,22
2000435048090,22
2000432458517,22
2000431945262,22
2000428706303,22
2000431544887,22
2000430393168,22
2000426401287,22
2000423015598,22
2000428283400,22
2000433664820,22
2000434436057,22
2000438006853,22
2000435121166,22
2000424162375,22
2000433755648,22
2000429577367,22
2000429600317,22
2000433789620,22
2000423767222,22
2000436651545,22
2000435265413,22
2000435229573,22
2000434046640,22
2000428690942,22
2000434316114,22
2000436356488,23
2000437197765,23
2000428778506,23
2000428354208,23
2000436326137,23
2000432458970,23
2000435104161,23
2000433281605,23
2000435791093,23
2000436894479,23
2000424950074,23
2000433485879,23
2000435027111,23
2000436466818,23
2000428505072,23
2000435511892,23
2000426004715,23
2000432274941,23
2000425335359,23
2000438641229,23
2000425199746,23
2000438542871,23
2000429050251,23
2000431947546,23
2000432514450,23
2000438427524,23
2000434175763,23
2000432443635,23
2000425119637,23
2000427223964,23
2000429171505,23
2000427910127,23
2000426373324,23
2000432420190,24
2000429596304,24
2000433291774,24
2000436641560,24
2000437305568,24
2000436721649,24
2000433471714,24
2000434087849,24
2000436554401,24
2000434277674,24
2000434075801,24
2000429366691,24
2000434931281,24
2000436356934,24
2000432409802,24
2000430719725,24
2000431566706,24
2000434281223,24
2000433281878,24
2000429112508,24
2000435112591,24
2000437572218,24
2000435109601,24
2000435718861,24
2000432408219,24
2000429143071,24
2000435035677,24
2000430284236,24
2000437186127,24
2000425391186,24
2000432452558,24
2000436393792,24
2000436724806,24
2000429315149,24
2000429134718,24
2000423002745,24
2000435275964,24
2000429377462,24
2000437258297,24
2000434089309,24
2000434307603,24
2000425427581,24
2000437183579,24
2000429948720,24
2000423605571,24
2000438533893,24
2000428028882,24
2000432419807,24
2000435235553,24
2000437513979,24
2000437936282,24
2000433773548,24
2000432805431,24
2000429990145,24
2000423025653,24
2000425353255,24
2000425893125,24
2000427677623,24
2000421182348,24
2000434201534,24
2000426167697,24
2000425501157,24
2000425802266,24
2000433471331,24
2000437183296,24
2000425873327,24
2000429281453,24
2000438255576,24
2000434096031,24
2000429132158,24
2000432379879,24
2000432103448,24
2000426428965,24
2000434447230,24
2000428763963,24
2000434126795,24
2000421452200,24
2000420918540,24
2000433397440,24
2000432379132,24
2000437546713,24
2000430791847,24
2000432459357,24
2000431085212,24
2000425168160,24
2000438650274,24
2000421502199,24
2000432161470,24
2000431875335,24
2000429989640,24
2000425345492,24
2000426376588,24
2000435433758,24
2000432421416,24
2000429167058,24
2000434291786,24
2000429544634,24
2000438462161,24
2000432809461,24
2000426272697,24
2000437431236,24
2000434307852,25
2000438565899,25
2000425993985,25
2000430346832,25
2000432555930,25
2000434151404,25
2000438426344,25
2000434331229,25
2000438434922,25
2000436768559,25
2000434597488,25
2000432771758,25
2000434420805,25
2000433785687,25
2000436554502,25
2000436966755,25
2000429351950,25
2000434715749,25
2000436638349,25
2000421568933,25
2000434692149,25
2000435113062,25
2000428809764,25
2000426992428,25
2000432463893,25
2000433334855,25
2000430718502,25
2000431865058,25
2000425501384,25
2000437554350,25
2000435512392,25
2000432556215,25
2000437524916,25
2000438310366,25
2000438501417,25
2000431541495,25
2000429149936,25
2000431659723,25
2000434420261,25
2000435368892,25
2000425641623,25
2000434353918,25
2000428916044,25
2000425382034,25
2000432771330,25
2000435763590,25
2000438580201,25
2000437468319,25
2000435381268,25
2000430817764,25
2000435174351,25
2000425993664,25
2000425566865,25
2000426183190,25
2000432735443,25
2000435180844,25
2000428040015,25
2000434963275,25
2000432440688,25
2000431659358,25
2000434321842,25
2000431863251,25
2000431457804,25
2000432437171,25
2000432682687,25
2000436768244,25
2000438624999,25
2000434643386,25
2000436357388,25
2000431458875,25
2000432406180,25
2000425569096,25
2000431061386,25
2000437451795,25
2000429399445,25
2000436282281,25
2000438255829,25
2000438579271,25
2000438409786,25
2000434861300,25
2000437073939,26
2000429564347,26
2000438256299,26
2000429911853,26
2000431115915,26
2000431601802,26
2000434592797,26
2000435233199,26
2000434800780,26
2000429567028,26
2000437909101,26
2000437983633,26
2000435373236,26
2000434943836,26
2000437522890,26
2000437071503,26
2000432745531,26
2000433253190,26
2000436456253,26
2000425842955,26
2000436627058,26
2000434882402,26
2000436415087,26
2000434650874,26
2000434995918,26
2000431497003,26
2000434400724,26
2000438486691,26
2000431601463,26
2000434163470,26
2000429954932,26
2000421852658,26
2000435372522,26
2000427167403,26
2000429937086,26
2000434092291,26
2000436716806,26
2000436279749,26
2000437407944,26
2000434676481,26
2000434145235,26
2000436640760,26
2000431115206,26
2000438060017,26
2000427154577,26
2000436756299,26
2000427036540,26
2000437241187,26
2000431971613,26
2000433298965,26
2000430391550,26
2000426271663,26
2000429911284,26
2000430390349,26
2000434288684,26
2000437509939,26
2000434655825,26
2000421839203,26
2000434800606,26
2000429936645,26
2000437407811,26
2000435415185,26
2000425206506,26
2000435432085,26
2000437451859,26
2000425842447,26
2000435270815,26
2000433251868,26
2000438409645,26
2000437405742,26
2000435700017,26
2000425425347,26
2000435470395,26
2000436464347,26
2000433298653,26
2000433297587,26
2000433187738,26
2000438662609,26
2000436600060,26
2000437404697,26
2000433774438,26
2000438664191,26
2000433112017,26
2000437191183,26
2000434943478,26
2000435752168,26
2000436672456,26
2000425855864,26
2000437239037,26
2000435025696,26
2000438610789,26
2000434650633,26
2000433556452,26
2000427299504,26
2000430389025,26
2000426874195,26
2000435674846,26
2000438377033,26
2000433279091,26
2000435433858,26
2000421989576,26
2000434183634,26
2000427043809,26
2000438292402,26
2000431488942,26
2000433140861,26
2000433557449,27
2000433496372,27
2000437993812,27
2000435014232,27
2000436742316,27
2000437420966,27
2000433496374,27
2000434826367,27
2000436434853,27
2000438472968,27
2000438660524,27
2000434587912,27
2000438450771,27
2000434163091,27
2000434869598,27
2000436464534,27
2000434740284,27
2000435415496,27
2000436701022,27
2000429904193,27
2000438316736,27
2000433622512,27
2000436768760,27
2000434689659,27
2000429972939,27
2000430391742,27
2000433568435,27
2000434819495,27
2000436416864,27
2000431875463,27
2000429903805,27
2000438455208,27
2000435105277,27
2000435121658,27
2000436775840,27
2000429612204,27
2000433495839,27
2000424800589,27
2000436677234,27
2000437547435,27
2000437443094,27
2000438320293,27
2000436643719,27
2000429129095,27
2000433443342,27
2000422189308,27
2000429042438,27
2000429664709,27
2000423289516,27
2000429573572,27
2000435687109,27
2000425981860,27
2000429965749,27
2000433484906,27
2000433546670,27
2000424809954,27
2000430074652,27
2000431007162,27
2000430018413,27
2000424902314,27
2000430091188,27
2000437072798,27
2000427025435,27
2000432723297,27
2000427276938,27
2000428696885,27
2000438435093,27
2000434644029,27
2000436374680,27
2000434168374,27
2000425639541,27
2000433188088,27
2000427430354,27
2000429060017,27
2000434732351,27
2000434714112,27
2000421982162,27
2000435248527,27
2000431080342,27
2000431668110,27
2000430358034,27
2000434608529,27
2000436455440,27
2000435017373,27
2000435511380,27
2000435697437,27
2000426886174,27
2000435635311,27
2000435136227,27
2000426092200,27
2000434191822,28
2000434191823,28
2000431621105,28
2000425847165,28
2000438445226,28
2000434721151,28
2000433825096,28
2000427521786,28
2000433630799,28
2000434739156,28
2000434699794,28
2000433188408,28
2000438059921,28
2000438304184,28
2000433623288,28
2000436718035,28
2000433763968,28
2000427767880,28
2000437073027,28
2000438106665,28
2000435639463,28
2000429899969,28
2000437927264,28
2000431616384,28
2000436901597,28
2000436464702,28
2000437411453,28
2000433783420,28
2000435687329,28
2000436486752,28
2000430933639,28
2000437187192,28
2000426423689,28
2000425845552,28
2000430274848,28
2000431567926,28
2000437995739,28
2000435764344,28
2000422724353,28
2000435112732,28
2000437458803,28
2000434189527,28
2000427521441,28
2000434062280,28
2000436705922,28
2000437249619,28
2000430474153,28
2000434111106,28
2000425276262,28
2000437926528,28
2000434985120,28
2000424951300,28
2000435009647,28
2000431069114,28
2000427766168,28
2000422772054,28
2000433585116,28
2000431588983,28
2000429970331,28
2000431105814,28
2000434689821,28
2000433824643,28
2000434110496,28
2000435028013,28
2000435107341,28
2000425425775,28
2000436678080,28
2000422546274,28
2000435022848,28
2000437249265,28
2000435181989,28
2000435484073,28
2000430435673,28
2000435213818,28
2000432406544,28
2000430378625,28
2000426727163,28
2000435339070,28
2000432162368,28
2000435639164,28
2000435179590,28
2000435111374,28
2000438469904,28
2000426453372,28
2000427209553,28
2000435415817,28
2000435429663,28
2000438426865,28
2000435632950,28
2000437361929,28
2000434135072,28
2000437493294,28
2000435797401,28
2000434737416,29
2000430990253,29
2000434700018,29
2000434043891,29
2000432406152,29
2000433188656,29
2000434127321,29
2000431842556,29
2000434202194,29
2000429898482,29
2000437073299,29
2000434292769,29
2000435765035,29
2000426571334,29
2000435826847,29
2000433568302,29
2000435687040,29
2000431590086,29
2000437993716,29
2000438425389,29
2000435657395,29
2000437415875,29
2000438601309,29
2000434099231,29
2000434210595,29
2000432546757,29
2000432665808,29
2000435237157,29
2000429893959,29
2000434563243,29
2000429261002,29
2000429081589,29
2000434993408,29
2000427981811,29
2000427003579,29
2000434406260,29
2000422133358,29
2000427239857,29
2000432408448,29
2000434159695,29
2000438505271,29
2000422713556,29
2000426486081,29
2000427202747,29
2000438401674,29
2000435422229,29
2000434639055,29
2000438628368,29
2000432709824,29
2000435381672,29
2000434993123,29
2000435493164,29
2000430284662,29
2000436333832,29
2000435639912,29
2000435643745,29
2000426271915,29
2000438599899,29
2000431027527,29
2000431971840,29
2000438098822,29
2000434046593,29
2000424856281,29
2000422856777,29
2000426417247,29
2000429144111,29
2000428002169,29
2000425197627,29
2000432694322,29
2000424073007,29
2000434332088,29
2000424617134,29
2000435687531,29
2000434308395,29
2000434202806,29
2000438573140,30
2000425109228,30
2000429254753,30
2000437557587,30
2000433189076,30
2000434308966,30
2000430835268,30
2000434700273,30
2000438065460,30
2000435765499,30
2000427981812,30
2000435395881,30
2000425110118,30
2000427968223,30
2000435368388,30
2000434928372,30
2000431567215,30
2000437431263,30
2000431055022,30
2000434801315,30
2000435519971,30
2000428052067,30
2000435781866,30
2000431590484,30
2000432464478,30
2000434882577,30
2000433334975,30
2000426181779,30
2000434286874,30
2000435685548,30
2000426990550,30
2000429254270,30
2000436459466,30
2000434963753,30
2000437991290,30
2000427386095,30
2000436281057,30
2000435134175,30
2000424934682,30
2000429384994,30
2000438353164,30
2000434821815,30
2000435247764,30
2000435182096,30
2000426618950,30
2000437471847,30
2000431459247,30
2000426647157,30
2000428040141,30
2000423097001,30
2000437238266,30
2000435756017,30
2000434356574,30
2000434411917,30
2000437073474,30
2000436280895,30
2000438536657,30
2000437284985,30
2000437933094,30
2000424311712,30
2000436386825,30
2000432713086,30
2000435387446,30
2000431104269,30
2000426158979,30
2000434406889,30
2000438305840,30
2000432202141,30
2000435804647,30
2000436334056,30
2000431458903,30
2000436289421,30
2000434597835,30
2000435507466,30
2000427978315,30
2000438388266,30
2000435280352,31
2000437039340,31
2000434655894,31
2000428550991,31
2000423280229,31
2000430065971,31
2000437518612,31
2000426962406,31
2000431871970,31
2000437167208,31
2000431014888,31
2000437909969,31
2000437510376,31
2000434726692,31
2000437423711,31
2000436627577,31
2000434882820,31
2000436372465,31
2000438475942,31
2000431886182,31
2000438662969,31
2000434997672,31
2000433583528,31
2000436603885,31
2000437297895,31
2000437038791,31
2000433572151,31
2000438563897,31
2000431757929,31
2000426997966,31
2000434655896,31
2000425856758,31
2000437029922,31
2000428549685,31
2000431478593,31
2000431501821,31
2000430065261,31
2000431971271,31
2000438612149,31
2000435004116,31
2000437408127,31
2000427922713,31
2000434093440,31
2000434914534,31
2000431611853,31
2000434700030,31
2000431013985,31
2000437517770,31
2000431930476,31
2000433607745,31
2000434393781,31
2000435235626,31
2000431894429,31
2000437051685,31
2000438051488,31
2000435472074,31
2000427507974,31
2000434449163,31
2000431089278,31
2000437522667,31
2000438612280,31
2000435640651,31
2000438057826,31
2000436278918,31
2000438662846,31
2000437408072,31
2000427030904,31
2000436335278,31
2000434179540,31
2000436661463,31
2000428456427,31
2000432453478,31
2000435279756,31
2000435282721,31
2000437200383,31
2000433938071,32
2000429576672,32
2000434804156,32
2000431786856,32
2000434882371,32
2000433607976,32
2000437325455,32
2000433803865,32
2000437531616,32
2000438335690,32
2000433497464,32
2000423620946,32
2000438317326,32
2000434826801,32
2000434700220,32
2000436384490,32
2000434915119,32
2000438284587,32
2000438473407,32
2000433664274,32
2000434721639,32
2000438058226,32
2000434799008,32
2000437030742,32
2000429576361,32
2000433496956,32
2000438269985,32
2000437910642,32
2000436275797,32
2000435128937,32
2000434706118,32
2000433788796,32
2000427031412,32
2000427914659,32
2000436976574,32
2000428704586,32
2000431881642,32
2000431015254,32
2000436720492,32
2000430958257,32
2000437553466,32
2000423767011,32
2000423619937,32
2000433664319,32
2000435373073,32
2000436856762,32
2000424561508,32
2000427459477,32
2000428044232,32
2000431454174,32
2000431531027,32
2000426258434,32
2000431969323,32
2000423679453,32
2000436776267,32
2000431879557,32
2000430060872,32
2000424804591,32
2000438427302,32
2000434716325,32
2000433569591,32
2000434744371,32
2000435048506,32
2000432166033,32
2000431904454,32
2000436709860,32
2000431846221,32
2000437526648,32
2000433257481,32
2000428043894,32
2000434829204,32
2000436728859,32
2000433937126,32
2000434600075,32
2000428665952,32
2000428344241,32
2000428792888,32
2000435102379,32
2000434803960,32
2000437315836,32
2000434932475,32
2000437056609,32
2000435254658,32
2000431749550,32
2000423793856,32
2000427653312,32
2000435287707,32
2000426257795,32
2000432103207,32
2000438452379,32
2000435753883,32
2000428579662,32
2000426888486,32
2000423817503,32
2000432170418,32
2000435382223,32
2000436454089,32
2000430489350,32
2000437288881,32
2000437529920,32
2000437928443,33
2000428507785,33
2000437250410,33
2000436645528,33
2000423809132,33
2000423293774,33
2000438602259,33
2000432153272,33
2000438059370,33
2000436384814,33
2000437250102,33
2000437927810,33
2000436583691,33
2000437285203,33
2000431488530,33
2000432461108,33
2000437186914,33
2000437030900,33
2000437187574,33
2000437413374,33
2000434735608,33
2000436373798,33
2000425421802,33
2000424950332,33
2000432221852,33
2000437080891,33
2000433207862,33
2000437424215,33
2000438601834,33
2000432152984,33
2000431897567,33
2000427031415,33
2000431015979,33
2000428507090,33
2000432420808,33
2000434946042,33
2000423598460,33
2000423833888,33
2000434193130,33
2000434802130,33
2000432406646,33
2000435278985,33
2000432460873,33
2000432248815,33
2000423548337,33
2000431648874,33
2000425421613,33
2000438663344,33
2000435273987,33
2000432420423,33
2000434932083,33
2000435473591,33
2000427187010,33
2000431634981,33
2000427664299,33
2000433453759,33
2000427780059,33
2000434141024,33
2000433273329,33
2000433206558,33
2000432118710,33
2000437363305,33
2000437240088,33
2000435721103,33
2000437167033,33
2000428783273,33
2000432248549,33
2000428891562,33
2000435491788,33
2000435693187,33
2000423820572,33
2000431645347,33
2000430419768,33
2000433873371,33
2000428768315,33
2000434827235,33
2000434579625,33
2000431751615,33
2000432162989,33
2000435022626,33
2000435139465,33
2000432465584,33
2000429378843,33
2000437187182,34
2000437307304,34
2000435339681,34
2000437981414,34
2000436967053,34
2000427918776,34
2000434802179,34
2000428604214,34
2000434803629,34
2000433572354,34
2000438058234,34
2000435029797,34
2000435474086,34
2000436368352,34
2000436758034,34
2000438465558,34
2000436378723,34
2000437978040,34
2000430286327,34
2000435113724,34
2000432453608,34
2000435397790,34
2000429384443,34
2000432413262,34
2000438425633,34
2000435405955,34
2000438057468,34
2000436280828,34
2000437445768,34
2000430722896,34
2000427738739,34
2000432671556,34
2000423655523,34
2000430967478,34
2000435339599,34
2000429939008,34
2000432544708,34
2000435116353,34
2000438375578,34
2000434915612,34
2000426424978,34
2000428325042,34
2000437189702,34
2000429281835,34
2000431661518,34
2000427667197,34
2000428205163,34
2000432453358,34
2000434292623,34
2000435410028,34
2000427918155,34
2000429299127,34
2000432500191,34
2000434803456,34
2000437219556,34
2000437172815,34
2000438611973,34
2000431457909,34
2000435190951,34
2000433780187,34
2000435446581,34
2000433640400,34
2000437188980,34
2000438402143,34
2000436361228,34
2000424207095,34
2000437052926,34
2000425198765,34
2000438533003,34
2000431661182,34
2000435115368,34
2000429938074,34
2000424276505,34
2000428324653,34
2000426141297,34
2000436618393,34
2000432505870,34
2000428412669,34
2000433773805,34
2000436280188,34
2000431470259,34
2000423294076,34
2000424706707,34
2000433278271,34
2000435412800,34
2000437539818,34
2000437922816,35
2000435756661,35
2000432544353,35
2000438315621,35
2000427438991,35
2000435277458,35
2000436405310,35
2000427959771,35
2000432465770,35
2000435756438,35
2000436871384,35
2000432772160,35
2000437457028,35
2000436272305,35
2000433335086,35
2000433826570,35
2000437561778,35
2000424008588,35
2000436859288,35
2000431066148,35
2000435437457,35
2000435677924,35
2000427966928,35
2000425576345,35
2000428037512,35
2000436470195,35
2000435162451,35
2000432771927,35
2000437332606,35
2000432544761,35
2000429694261,35
2000438582262,35
2000426179605,35
2000425932156,35
2000437994885,35
2000427456861,35
2000423923327,35
2000436379815,35
2000437465513,35
2000431065825,35
2000427996800,35
2000431865505,35
2000434703522,35
2000436626553,35
2000435721344,35
2000435500005,35
2000436272215,35
2000435163636,35
2000437999080,35
2000434727170,35
2000437459445,35
2000432651692,35
2000423889300,35
2000438453774,35
2000428037101,35
2000436636518,35
2000437994020,35
2000432453767,35
2000436871030,35
2000436959840,35
2000431873181,35
2000432654974,35
2000423281377,35
2000429659058,35
2000436639767,35
2000435507936,35
2000433929766,35
2000429388091,35
2000434405966,36
2000437405968,36
2000436638362,36
2000437984937,36
2000436963382,36
2000437997771,36
2000437406358,36
2000436471253,36
2000437168550,36
2000436626916,36
2000431602534,36
2000435000874,36
2000436627983,36
2000436629228,36
2000429324158,36
2000436555361,36
2000437424913,36
2000434999133,36
2000431494286,36
2000437048203,36
2000438000953,36
2000434405050,36
2000433292072,36
2000433161095,36
2000437983407,36
2000437984446,36
2000433804145,36
2000437405895,36
2000429571808,36
2000434094488,36
2000433584351,36
2000430275157,36
2000434801505,36
2000436628926,36
2000437406231,36
2000431970069,36
2000437930303,36
2000438613505,36
2000438332836,36
2000433160514,36
2000427653672,36
2000428593817,36
2000431602299,36
2000433866122,36
2000435477039,36
2000435274384,36
2000433113007,36
2000434726937,36
2000437043839,36
2000433257232,36
2000436272217,36
2000436392017,36
2000435700725,36
2000436551465,36
2000436356065,36
2000430388844,36
2000437523455,36
2000438612403,36
2000424693240,36
2000435675720,36
2000424725546,36
2000434425576,36
2000424560220,36
2000430388298,36
2000427168264,36
2000436633916,36
2000426211616,36
2000432261137,36
2000436650403,36
2000436983544,36
2000431652997,36
2000429268582,36
2000432801657,36
2000436555237,36
2000436722897,36
2000433849565,36
2000426722414,36
2000434812359,36
2000433781858,36
2000432692612,36
2000433301843,36
2000434997985,37
2000438474038,37
2000434801278,37
2000434166868,37
2000437202215,37
2000437197967,37
2000433498285,37
2000431555107,37
2000436617506,37
2000427423702,37
2000431766307,37
2000436471441,37
2000437523135,37
2000436868279,37
2000434721984,37
2000436459957,37
2000437057388,37
2000438602694,37
2000432786793,37
2000437911129,37
2000431847010,37
2000431658372,37
2000436721707,37
2000438658417,37
2000433401071,37
2000424920797,37
2000434706360,37
2000437198419,37
2000436627134,37
2000433787460,37
2000427215795,37
2000431554814,37
2000424555563,37
2000433591337,37
2000433498000,37
2000438615713,37
2000424793384,37
2000438392741,37
2000432549538,37
2000438396259,37
2000428609599,37
2000435382444,37
2000424746082,37
2000424808476,37
2000425412373,37
2000436299456,37
2000424805232,37
2000427423160,37
2000431851812,37
2000433571623,37
2000436469323,37
2000429656619,37
2000430372336,37
2000436856057,37
2000430485233,37
2000438402169,37
2000434996936,37
2000424902188,37
2000436407276,37
2000436459521,37
2000433567154,37
2000436764708,37
2000433279991,37
2000432167264,37
2000433806535,37
2000428661423,37
2000434319297,37
2000438615342,37
2000437254048,37
2000424974346,37
2000436299238,37
2000436375509,37
2000434718160,37
2000436702562,37
2000433771745,37
2000436728287,37
2000427704054,37
2000434930100,37
2000438613791,37
2000433405894,37
2000424911313,37
2000429860473,37
2000437299018,37
2000424929829,37
2000438452405,37
2000433930303,37
2000432243143,37
2000438381615,37
2000436859955,37
2000436777032,37
2000432150340,37
2000425113433,38
2000434076851,38
2000436745983,38
2000424950986,38
2000430329330,38
2000435764640,38
2000431526235,38
2000435406753,38
2000436627392,38
2000436891487,38
2000428777556,38
2000435188850,38
2000437098859,38
2000434165322,38
2000436956218,38
2000436722691,38
2000425354016,38
2000425112515,38
2000437240759,38
2000431609675,38
2000437308870,38
2000435116600,38
2000428891741,38
2000437978792,38
2000425383491,38
2000433622333,38
2000432806413,38
2000430105436,38
2000435393968,38
2000436928917,38
2000434294512,38
2000435114941,38
2000426232758,38
2000433124256,38
2000437481906,38
2000434412799,38
2000424550872,38
2000434189230,38
2000433784501,38
2000429375587,38
2000425353892,38
2000438656068,38
2000437247609,38
2000435764262,38
2000429315150,38
2000435256833,38
2000433751666,38
2000425880618,38
2000427666429,38
2000436856121,38
2000434930367,38
2000431876728,38
2000429080565,38
2000433828048,38
2000430474157,38
2000429939596,38
2000433774510,38
2000428775784,38
2000425540603,38
2000428777219,38
2000433931189,38
2000431663373,38
2000431073269,38
2000435492404,38
2000430667222,38
2000434223240,38
2000434651060,38
2000429381610,38
2000435658562,38
2000430814222,38
2000438398540,38
2000430933263,38
2000431638456,38
2000431555286,38
2000438359550,38
2000431662976,38
2000425175183,38
2000433608473,38
2000431615570,38
2000434412423,38
2000438542233,38
2000425404860,38
2000429684937,38
2000425635643,38
2000432100767,38
2000425879553,38
2000424905524,38
2000434076620,38
2000434273557,38
2000438006307,38
2000434681953,38
2000434641577,38
2000438484784,38
2000435397338,38
2000432427346,38
2000425175270,38
2000438094752,38
2000438395244,38
2000432407090,38
2000438659741,38
2000434296385,38
2000437166743,38
2000434657274,39
2000429373701,39
2000435710246,39
2000437168951,39
2000434408985,39
2000438550217,39
2000431628804,39
2000429366875,39
2000435000684,39
2000437473251,39
2000431116646,39
2000434095793,39
2000428383667,39
2000434657285,39
2000437909111,39
2000431493318,39
2000437077170,39
2000437266183,39
2000437523802,39
2000435237040,39
2000434408568,39
2000438099336,39
2000434305727,39
2000434656886,39
2000434297636,39
2000438099331,39
2000431478218,39
2000435638582,39
2000431116282,39
2000436371220,39
2000437039846,39
2000431561054,39
2000434095523,39
2000432688113,39
2000428916791,39
2000430387771,39
2000428063090,39
2000430387773,39
2000438668382,39
2000437424444,39
2000433572816,39
2000436421145,39
2000434691673,39
2000432305573,39
2000429963647,39
2000436613803,39
2000435236784,39
2000436614098,39
2000433201466,39
2000429240170,39
2000437053487,39
2000434292037,39
2000438537080,39
2000433787582,39
2000430724250,39
2000428355494,39
2000437911895,39
2000436633863,39
2000435710014,39
2000437051833,39
2000438098628,39
2000434651649,39
2000429050840,39
2000438324227,39
2000431774066,39
2000429589549,39
2000437551986,39
2000438473982,39
2000434825409,39
2000430398091,39
2000435436509,39
2000431486584,39
2000434575303,39
2000434717042,39
2000438377249,39
2000431069696,39
2000434875580,39
2000435508220,39
2000438449846,39
2000437917857,40
2000438606503,40
2000431847476,40
2000438325471,40
2000433498855,40
2000437916500,40
2000435014529,40
2000434156500,40
2000437040139,40
2000438326113,40
2000428356873,40
2000438594320,40
2000438536826,40
2000435006972,40
2000438474396,40
2000434982933,40
2000436299647,40
2000433498564,40
2000437979545,40
2000426395125,40
2000432117067,40
2000428705465,40
2000425831749,40
2000435102631,40
2000435106045,40
2000437433734,40
2000438604116,40
2000434982629,40
2000438324772,40
2000431016072,40
2000436702906,40
2000435688456,40
2000432279300,40
2000434808222,40
2000430019362,40
2000433787221,40
2000438541873,40
2000434360729,40
2000426883694,40
2000432304349,40
2000429979361,40
2000429966329,40
2000434719339,40
2000433875045,40
2000431050525,40
2000437532071,40
2000429664711,40
2000438453801,40
2000430969607,40
2000426566932,40
2000435081110,40
2000431117236,40
2000435641456,40
2000432115547,40
2000433400589,40
2000434701951,40
2000434593556,40
2000434167171,40
2000435006225,40
2000434360320,40
2000435251453,40
2000433605083,40
2000438470653,40
2000427148933,40
2000430289304,40
2000437456735,40
2000438585167,40
2000430928824,40
2000434925264,40
2000435382789,40
2000426119064,40
2000434903502,40
2000430359912,40
2000425804335,40
2000438539659,40
2000438456916,40
2000434933269,40
2000434565390,40
2000435015991,40
2000436781831,40
2000430038626,40
2000437289795,40
2000437251762,41
2000434593342,41
2000436762746,41
2000437572965,41
2000432461924,41
2000438312011,41
2000434985678,41
2000434299540,41
2000437251465,41
2000428356877,41
2000431050684,41
2000438311606,41
2000434308694,41
2000428892148,41
2000438486908,41
2000433785300,41
2000435485808,41
2000434985602,41
2000435007644,41
2000431865731,41
2000434113803,41
2000427163260,41
2000432410323,41
2000434345261,41
2000433592065,41
2000435103028,41
2000435238662,41
2000437327864,41
2000433119504,41
2000429373400,41
2000436873638,41
2000432461647,41
2000430416694,41
2000434113517,41
2000435023405,41
2000435117903,41
2000435101599,41
2000434405191,41
2000432163711,41
2000427766460,41
2000438566511,41
2000434722775,41
2000435492935,41
2000435476706,41
2000435483814,41
2000436679249,41
2000426424542,41
2000437364047,41
2000435108053,41
2000430453161,41
2000437556359,41
2000432153837,41
2000438377348,41
2000438008411,41
2000438383414,41
2000435216231,41
2000426181017,41
2000436873159,41
2000435633434,41
2000426490636,41
2000438455284,41
2000432407391,41
2000427713732,41
2000437427037,42
2000436296797,42
2000435280238,42
2000435015185,42
2000425847739,42
2000434324148,42
2000432414836,42
2000435479369,42
2000438487166,42
2000434296599,42
2000437404313,42
2000435125931,42
2000435407267,42
2000434994588,42
2000435279830,42
2000435708365,42
2000435116764,42
2000433572503,42
2000426109993,42
2000435007898,42
2000435138235,42
2000434075184,42
2000434564253,42
2000435718032,42
2000427665123,42
2000427433577,42
2000428030159,42
2000425847615,42
2000426487019,42
2000430627586,42
2000435338867,42
2000435137398,42
2000434832088,42
2000426492613,42
2000430836133,42
2000431457974,42
2000434843510,42
2000429940183,42
2000429381619,42
2000429088466,42
2000434908555,42
2000435374711,42
2000437426652,42
2000430108867,42
2000435708632,42
2000430734063,42
2000427433029,42
2000435500251,42
2000435477319,42
2000431095918,42
2000435721748,42
2000430321023,42
2000435723198,42
2000434728000,42
2000435024253,42
2000432376705,42
2000434317344,42
2000438431699,42
2000430639545,42
2000437247835,42
2000431509917,43
2000432772983,43
2000431551148,43
2000435014112,43
2000435477545,43
2000432415109,43
2000432555382,43
2000436385602,43
2000434291200,43
2000436335074,43
2000438487366,43
2000436639975,43
2000435520880,43
2000438604628,43
2000436272479,43
2000435685811,43
2000436448591,43
2000432772656,43
2000438345015,43
2000431509602,43
2000435378552,43
2000434096715,43
2000432531431,43
2000435250557,43
2000438259974,43
2000429385233,43
2000435646033,43
2000436272387,43
2000435628544,43
2000435361789,43
2000428040314,43
2000432710233,43
2000437239818,43
2000429168830,43
2000427797775,43
2000432683057,43
2000431878202,43
2000437285554,43
2000435648293,43
2000432797135,43
2000438623932,43
2000433631279,43
2000433936031,43
2000432441899,43
2000435509265,43
